{
  "type": "CUBE",
  "min_x": -0.30000001192092896,
  "min_y": -0.15000000596046448,
  "min_z": -0.699999988079071,
  "max_x": 0.30000001192092896,
  "max_y": 0.44999998807907104,
  "max_z": -0.20000000298023224
}